order	citation	resolved_title	resolved_authors	resolved_journal	resolved_year	resolved_volume	resolved_issue	resolved_pages	resolved_publication_types	doi	doi_url	pmid	pubmed_url	pmcid	pmc_url	publication_type	study_design	evidence_role	source_quality	disposition	title_source	identifier_source	official_record_url	indexing_status	verification_basis	verified_on
1	Agustí A, Celli BR, Criner GJ, Halpin D, Anzueto A, Barnes P, et al. Global Initiative for Chronic Obstructive Lung Disease 2023 Report: GOLD executive summary. Eur Respir J. 2023;61(4):2300239.	Global Initiative for Chronic Obstructive Lung Disease 2023 Report: GOLD Executive Summary	Agustí A; Celli BR; Criner GJ; Halpin D; Anzueto A; Barnes P; Bourbeau J; Han MK; Martinez FJ; Montes de Oca M; Mortimer K; Papi A; Pavord I; Roche N; Salvi S; Sin DD; Singh D; Stockley R; López Varela MV; Wedzicha JA; Vogelmeier CF	Eur Respir J	2023	61	4		Journal Article	10.1183/13993003.00239-2023	https://doi.org/10.1183/13993003.00239-2023	36858443	https://pubmed.ncbi.nlm.nih.gov/36858443/	PMC10066569	https://pmc.ncbi.nlm.nih.gov/articles/PMC10066569/	Guideline or report	Evidence-based guideline, consensus, or report	Clinical definition or guidance	Authoritative secondary evidence	Corrects the nonexistent 2025 executive-summary citation.	PubMed ESummary	PubMed articleids	https://doi.org/10.1183/13993003.00239-2023	PubMed indexed; PMCID present	PubMed ESummary DOI-PMID-title pairing	2026-08-07
2	Boers E, Barrett M, Su JG, Benjafield AV, Sinha S, Kaye L, et al. Global burden of chronic obstructive pulmonary disease through 2050. JAMA Netw Open. 2023;6(12):e2346598.	Global Burden of Chronic Obstructive Pulmonary Disease Through 2050	Boers E; Barrett M; Su JG; Benjafield AV; Sinha S; Kaye L; Zar HJ; Vuong V; Tellez D; Gondalia R; Rice MB; Nunez CM; Wedzicha JA; Malhotra A	JAMA Netw Open	2023	6	12	e2346598	Journal Article; Research Support, Non-U.S. Gov't	10.1001/jamanetworkopen.2023.46598	https://doi.org/10.1001/jamanetworkopen.2023.46598	38060225	https://pubmed.ncbi.nlm.nih.gov/38060225/	PMC10704283	https://pmc.ncbi.nlm.nih.gov/articles/PMC10704283/	Modelling study	Population projection model	Global COPD burden	Primary modelling evidence	Corrects title, journal, year, volume, and article number.	PubMed ESummary	PubMed articleids	https://doi.org/10.1001/jamanetworkopen.2023.46598	PubMed indexed; PMCID present	PubMed ESummary DOI-PMID-title pairing	2026-08-07
3	Goedemans L, Bax JJ, Delgado V. COPD and acute myocardial infarction. Eur Respir Rev. 2020;29(156):190139.	COPD and acute myocardial infarction	Goedemans L; Bax JJ; Delgado V	Eur Respir Rev	2020	29	156		Journal Article; Review	10.1183/16000617.0139-2019	https://doi.org/10.1183/16000617.0139-2019	32581139	https://pubmed.ncbi.nlm.nih.gov/32581139/	PMC9488987	https://pmc.ncbi.nlm.nih.gov/articles/PMC9488987/	Review or commentary	Narrative review, educational review, or commentary	Background, mechanism, or clinical framing	Secondary evidence	Retained with calibrated observational wording.	PubMed ESummary	PubMed articleids	https://doi.org/10.1183/16000617.0139-2019	PubMed indexed; PMCID present	PubMed ESummary DOI-PMID-title pairing	2026-08-07
4	Marriott E, Singanayagam A, El-Awaisi J. Inflammation as the nexus: exploring the link between acute myocardial infarction and chronic obstructive pulmonary disease. Front Cardiovasc Med. 2024;11:1362564.	Inflammation as the nexus: exploring the link between acute myocardial infarction and chronic obstructive pulmonary disease	Marriott E; Singanayagam A; El-Awaisi J	Front Cardiovasc Med	2024	11		1362564	Journal Article; Review	10.3389/fcvm.2024.1362564	https://doi.org/10.3389/fcvm.2024.1362564	38450367	https://pubmed.ncbi.nlm.nih.gov/38450367/	PMC10915015	https://pmc.ncbi.nlm.nih.gov/articles/PMC10915015/	Review or commentary	Narrative review, educational review, or commentary	Background, mechanism, or clinical framing	Secondary evidence	Corrects article number 1362437 to 1362564.	PubMed ESummary	PubMed articleids	https://doi.org/10.3389/fcvm.2024.1362564	PubMed indexed; PMCID present	PubMed ESummary DOI-PMID-title pairing	2026-08-07
5	Vestbo J, Anderson JA, Brook RD, Calverley PMA, Celli BR, Crim C, et al; SUMMIT Investigators. Fluticasone furoate and vilanterol and survival in chronic obstructive pulmonary disease with heightened cardiovascular risk (SUMMIT): a double-blind randomised controlled trial. Lancet. 2016;387(10030):1817-1826.	Fluticasone furoate and vilanterol and survival in chronic obstructive pulmonary disease with heightened cardiovascular risk (SUMMIT): a double-blind randomised controlled trial	Vestbo J; Anderson JA; Brook RD; Calverley PM; Celli BR; Crim C; Martinez F; Yates J; Newby DE	Lancet	2016	387	10030	1817-26	Journal Article; Multicenter Study; Randomized Controlled Trial; Research Support, Non-U.S. Gov't	10.1016/S0140-6736(16)30069-1	https://doi.org/10.1016/S0140-6736(16)30069-1	27203508	https://pubmed.ncbi.nlm.nih.gov/27203508/			Randomised trial	Randomised controlled trial	Intervention effect	Primary experimental evidence	Retained; exact exacerbation reduction also cites reference 16.	PubMed ESummary	PubMed articleids	https://doi.org/10.1016/S0140-6736(16)30069-1	PubMed indexed; no PMCID assigned	PubMed ESummary DOI-PMID-title pairing	2026-08-07
6	Criner GJ, Connett JE, Aaron SD, Albert RK, Bailey WC, Casaburi R, et al. Simvastatin for the prevention of exacerbations in moderate-to-severe COPD. N Engl J Med. 2014;370(23):2201-2210.	Simvastatin for the prevention of exacerbations in moderate-to-severe COPD	Criner GJ; Connett JE; Aaron SD; Albert RK; Bailey WC; Casaburi R; Cooper JA Jr; Curtis JL; Dransfield MT; Han MK; Make B; Marchetti N; Martinez FJ; Niewoehner DE; Scanlon PD; Sciurba FC; Scharf SM; Sin DD; Voelker H; Washko GR; Woodruff PG; Lazarus SC	N Engl J Med	2014	370	23	2201-10	Journal Article; Multicenter Study; Randomized Controlled Trial; Research Support, N.I.H., Extramural; Research Support, Non-U.S. Gov't	10.1056/NEJMoa1403086	https://doi.org/10.1056/NEJMoa1403086	24836125	https://pubmed.ncbi.nlm.nih.gov/24836125/	PMC4375247	https://pmc.ncbi.nlm.nih.gov/articles/PMC4375247/	Randomised trial	Randomised controlled trial	Intervention effect	Primary experimental evidence	Retained; mechanistic interpretation deferred to M4.	PubMed ESummary	PubMed articleids	https://doi.org/10.1056/NEJMoa1403086	PubMed indexed; PMCID present	PubMed ESummary DOI-PMID-title pairing	2026-08-07
7	Yu G, Liu L, Ma Q, Han F, He H. Bidirectional causal association between chronic obstructive pulmonary disease and cardiovascular diseases: a Mendelian randomization study. Int J Chron Obstruct Pulmon Dis. 2024;19:2109-2122.	Bidirectional Causal Association Between Chronic Obstructive Pulmonary Disease and Cardiovascular Diseases: A Mendelian Randomization Study	Yu G; Liu L; Ma Q; Han F; He H	Int J Chron Obstruct Pulmon Dis	2024	19		2109-2122	Journal Article; Research Support, Non-U.S. Gov't	10.2147/COPD.S475481	https://doi.org/10.2147/COPD.S475481	39351082	https://pubmed.ncbi.nlm.nih.gov/39351082/	PMC11439898	https://pmc.ncbi.nlm.nih.gov/articles/PMC11439898/	Genetic analysis	Mendelian randomisation or cross-trait genetic analysis	Causal triangulation	Primary genetic evidence	Corrected complete citation and C1-C2 interpretation.	PubMed ESummary	PubMed articleids	https://doi.org/10.2147/COPD.S475481	PubMed indexed; PMCID present	PubMed ESummary DOI-PMID-title pairing	2026-08-07
8	Higbee DH, Granell R, Sanderson E, Davey Smith G, Dodd JW. Lung function and cardiovascular disease: a two-sample Mendelian randomisation study. Eur Respir J. 2021;58(3):2003196.	Lung function and cardiovascular disease: a two-sample Mendelian randomisation study	Higbee DH; Granell R; Sanderson E; Davey Smith G; Dodd JW	Eur Respir J	2021	58	3		Journal Article; Research Support, Non-U.S. Gov't	10.1183/13993003.03196-2020	https://doi.org/10.1183/13993003.03196-2020	33574079	https://pubmed.ncbi.nlm.nih.gov/33574079/			Genetic analysis	Mendelian randomisation or cross-trait genetic analysis	Causal triangulation	Primary genetic evidence	Completed citation; FEV1 no longer equated with obstruction.	PubMed ESummary	PubMed articleids	https://doi.org/10.1183/13993003.03196-2020	PubMed indexed; no PMCID assigned	PubMed ESummary DOI-PMID-title pairing	2026-08-07
9	Au Yeung SL, Borges MC, Lawlor DA, Schooling CM. Impact of lung function on cardiovascular diseases and cardiovascular risk factors: a two sample bidirectional Mendelian randomisation study. Thorax. 2022;77(2):164-171.	Impact of lung function on cardiovascular diseases and cardiovascular risk factors: a two sample bidirectional Mendelian randomisation study	Au Yeung SL; Borges MC; Lawlor DA; Schooling CM	Thorax	2022	77	2	164-171	Journal Article; Research Support, Non-U.S. Gov't	10.1136/thoraxjnl-2020-215600	https://doi.org/10.1136/thoraxjnl-2020-215600	34155093	https://pubmed.ncbi.nlm.nih.gov/34155093/			Genetic analysis	Mendelian randomisation or cross-trait genetic analysis	Causal triangulation	Primary genetic evidence	Added for C3 triangulation.	PubMed ESummary	PubMed articleids	https://doi.org/10.1136/thoraxjnl-2020-215600	PubMed indexed; no PMCID assigned	PubMed ESummary DOI-PMID-title pairing	2026-08-07
10	Wielscher M, Amaral AFS, van der Plaat D, Wain LV, Sebert S, Mosen-Ansorena D, et al. Genetic correlation and causal relationships between cardio-metabolic traits and lung function impairment. Genome Med. 2021;13(1):104.	Genetic correlation and causal relationships between cardio-metabolic traits and lung function impairment	Wielscher M; Amaral AFS; van der Plaat D; Wain LV; Sebert S; Mosen-Ansorena D; Auvinen J; Herzig KH; Dehghan A; Jarvis DL; Jarvelin MR	Genome Med	2021	13	1	104	Journal Article; Research Support, Non-U.S. Gov't	10.1186/s13073-021-00914-x	https://doi.org/10.1186/s13073-021-00914-x	34154662	https://pubmed.ncbi.nlm.nih.gov/34154662/	PMC8215837	https://pmc.ncbi.nlm.nih.gov/articles/PMC8215837/	Genetic analysis	Mendelian randomisation or cross-trait genetic analysis	Causal triangulation	Primary genetic evidence	Added for C3 triangulation.	PubMed ESummary	PubMed articleids	https://doi.org/10.1186/s13073-021-00914-x	PubMed indexed; PMCID present	PubMed ESummary DOI-PMID-title pairing	2026-08-07
11	Zhu Z, Wang X, Li X, Lin Y, Shen S, Liu CL, et al; International COPD Genetics Consortium. Genetic overlap of chronic obstructive pulmonary disease and cardiovascular disease-related traits: a large-scale genome-wide cross-trait analysis. Respir Res. 2019;20(1):64.	Genetic overlap of chronic obstructive pulmonary disease and cardiovascular disease-related traits: a large-scale genome-wide cross-trait analysis	Zhu Z; Wang X; Li X; Lin Y; Shen S; Liu CL; Hobbs BD; Hasegawa K; Liang L; Boezen HM; Camargo CA Jr; Cho MH; Christiani DC	Respir Res	2019	20	1	64	Journal Article	10.1186/s12931-019-1036-8	https://doi.org/10.1186/s12931-019-1036-8	30940143	https://pubmed.ncbi.nlm.nih.gov/30940143/	PMC6444755	https://pmc.ncbi.nlm.nih.gov/articles/PMC6444755/	Genetic analysis	Mendelian randomisation or cross-trait genetic analysis	Causal triangulation	Primary genetic evidence	Added for C3 triangulation.	PubMed ESummary	PubMed articleids	https://doi.org/10.1186/s12931-019-1036-8	PubMed indexed; PMCID present	PubMed ESummary DOI-PMID-title pairing	2026-08-07
12	Rothnie KJ, Connell O, Müllerová H, Smeeth L, Pearce N, Douglas I, et al. Myocardial infarction and ischemic stroke after exacerbations of chronic obstructive pulmonary disease. Ann Am Thorac Soc. 2018;15(8):935-946.	Myocardial Infarction and Ischemic Stroke after Exacerbations of Chronic Obstructive Pulmonary Disease	Rothnie KJ; Connell O; Müllerová H; Smeeth L; Pearce N; Douglas I; Quint JK	Ann Am Thorac Soc	2018	15	8	935-946	Journal Article; Research Support, Non-U.S. Gov't	10.1513/AnnalsATS.201710-815OC	https://doi.org/10.1513/AnnalsATS.201710-815OC	29723057	https://pubmed.ncbi.nlm.nih.gov/29723057/	PMC6322039	https://pmc.ncbi.nlm.nih.gov/articles/PMC6322039/	Observational study	Self-controlled, cohort, cross-sectional, prospective, or registry study	Association, diagnosis, prognosis, or treatment use	Primary observational evidence	Renumbered after C3 additions.	PubMed ESummary	PubMed articleids	https://doi.org/10.1513/AnnalsATS.201710-815OC	PubMed indexed; PMCID present	PubMed ESummary DOI-PMID-title pairing	2026-08-07
13	Lawlor DA, Tilling K, Davey Smith G. Triangulation in aetiological epidemiology. Int J Epidemiol. 2016;45(6):1866-1886.	Triangulation in aetiological epidemiology	Lawlor DA; Tilling K; Davey Smith G	Int J Epidemiol	2016	45	6	1866-1886	Journal Article; Research Support, Non-U.S. Gov't	10.1093/ije/dyw314	https://doi.org/10.1093/ije/dyw314	28108528	https://pubmed.ncbi.nlm.nih.gov/28108528/	PMC5841843	https://pmc.ncbi.nlm.nih.gov/articles/PMC5841843/	Methods article	Methodological exposition	Triangulation framework	Methodological evidence	Retained.	PubMed ESummary	PubMed articleids	https://doi.org/10.1093/ije/dyw314	PubMed indexed; PMCID present	PubMed ESummary DOI-PMID-title pairing	2026-08-07
14	MacNee W. Pathology, pathogenesis, and pathophysiology. BMJ. 2006;332(7551):1202-1204.	Pathology, pathogenesis, and pathophysiology	MacNee William	BMJ	2006	332	7551	1202-1204	journal-article	10.1136/bmj.332.7551.1202	https://doi.org/10.1136/bmj.332.7551.1202			PMC1463976	https://pmc.ncbi.nlm.nih.gov/articles/PMC1463976/	Review or commentary	Narrative review, educational review, or commentary	Background, mechanism, or clinical framing	Secondary evidence	Corrects official title; DOI and PMC record verified.	Crossref	PubMed ESearch and Europe PMC	https://doi.org/10.1136/bmj.332.7551.1202	Not indexed in PubMed; PMCID present in Europe PMC	Crossref DOI metadata and Europe PMC identifier lookup	2026-08-07
15	Kraler S, Mueller C, Libby P, Bhatt DL. Acute coronary syndromes: mechanisms, challenges, and new opportunities. Eur Heart J. 2025;46(29):2866-2889.	Acute coronary syndromes: mechanisms, challenges, and new opportunities	Kraler S; Mueller C; Libby P; Bhatt DL	Eur Heart J	2025	46	29	2866-2889	Journal Article; Review	10.1093/eurheartj/ehaf289	https://doi.org/10.1093/eurheartj/ehaf289	40358623	https://pubmed.ncbi.nlm.nih.gov/40358623/	PMC12314746	https://pmc.ncbi.nlm.nih.gov/articles/PMC12314746/	Review or commentary	Narrative review, educational review, or commentary	Background, mechanism, or clinical framing	Secondary evidence	Retained.	PubMed ESummary	PubMed articleids	https://doi.org/10.1093/eurheartj/ehaf289	PubMed indexed; PMCID present	PubMed ESummary DOI-PMID-title pairing	2026-08-07
16	Brassington K, Selemidis S, Bozinovski S, Vlahos R. Chronic obstructive pulmonary disease and atherosclerosis: common mechanisms and novel therapeutics. Clin Sci (Lond). 2022;136(6):405-423.	Chronic obstructive pulmonary disease and atherosclerosis: common mechanisms and novel therapeutics	Brassington K; Selemidis S; Bozinovski S; Vlahos R	Clin Sci (Lond)	2022	136	6	405-423	Journal Article; Review	10.1042/CS20210835	https://doi.org/10.1042/CS20210835	35319068	https://pubmed.ncbi.nlm.nih.gov/35319068/	PMC8968302	https://pmc.ncbi.nlm.nih.gov/articles/PMC8968302/	Review or commentary	Narrative review, educational review, or commentary	Background, mechanism, or clinical framing	Secondary evidence	Retained because paragraph 25 cites it for proposed shared mechanisms; interpreted as a narrative review, not causal proof.	PubMed ESummary	PubMed articleids	https://doi.org/10.1042/CS20210835	PubMed indexed; PMCID present	PubMed ESummary DOI-PMID-title pairing	2026-08-07
17	Martinez FJ, Vestbo J, Anderson JA, Brook RD, Celli BR, Cowans NJ, et al; SUMMIT Investigators. Effect of fluticasone furoate and vilanterol on exacerbations of chronic obstructive pulmonary disease in patients with moderate airflow obstruction. Am J Respir Crit Care Med. 2017;195(7):881-888.	Effect of Fluticasone Furoate and Vilanterol on Exacerbations of Chronic Obstructive Pulmonary Disease in Patients with Moderate Airflow Obstruction	Martinez FJ; Vestbo J; Anderson JA; Brook RD; Celli BR; Cowans NJ; Crim C; Dransfield M; Kilbride S; Yates J; Newby DE; Niewoehner D; Calverley PM	Am J Respir Crit Care Med	2017	195	7	881-888	Journal Article; Randomized Controlled Trial; Research Support, Non-U.S. Gov't	10.1164/rccm.201607-1421OC	https://doi.org/10.1164/rccm.201607-1421OC	27767328	https://pubmed.ncbi.nlm.nih.gov/27767328/			Randomised trial	Randomised controlled trial	Intervention effect	Primary experimental evidence	Corrects first author, issue, and pages.	PubMed ESummary	PubMed articleids	https://doi.org/10.1164/rccm.201607-1421OC	PubMed indexed; no PMCID assigned	PubMed ESummary DOI-PMID-title pairing	2026-08-07
18	Donaldson GC, Hurst JR, Smith CJ, Hubbard RB, Wedzicha JA. Increased risk of myocardial infarction and stroke following exacerbation of COPD. Chest. 2010;137(5):1091-1097.	Increased risk of myocardial infarction and stroke following exacerbation of COPD	Donaldson GC; Hurst JR; Smith CJ; Hubbard RB; Wedzicha JA	Chest	2010	137	5	1091-7	Journal Article; Research Support, Non-U.S. Gov't	10.1378/chest.09-2029	https://doi.org/10.1378/chest.09-2029	20022970	https://pubmed.ncbi.nlm.nih.gov/20022970/			Observational study	Self-controlled, cohort, cross-sectional, prospective, or registry study	Association, diagnosis, prognosis, or treatment use	Primary observational evidence	Completed DOI and PMID.	PubMed ESummary	PubMed articleids	https://doi.org/10.1378/chest.09-2029	PubMed indexed; no PMCID assigned	PubMed ESummary DOI-PMID-title pairing	2026-08-07
19	Graul EL, Nordon C, Rhodes K, Marshall J, Menon S, Kallis C, et al. Temporal risk of nonfatal cardiovascular events after chronic obstructive pulmonary disease exacerbation: a population-based study. Am J Respir Crit Care Med. 2024;209(8):960-972.	Temporal Risk of Nonfatal Cardiovascular Events After Chronic Obstructive Pulmonary Disease Exacerbation: A Population-based Study	Graul EL; Nordon C; Rhodes K; Marshall J; Menon S; Kallis C; Ioannides AE; Whittaker HR; Peters NS; Quint JK	Am J Respir Crit Care Med	2024	209	8	960-972	Journal Article; Research Support, Non-U.S. Gov't	10.1164/rccm.202307-1122OC	https://doi.org/10.1164/rccm.202307-1122OC	38127850	https://pubmed.ncbi.nlm.nih.gov/38127850/	PMC11531205	https://pmc.ncbi.nlm.nih.gov/articles/PMC11531205/	Observational study	Self-controlled, cohort, cross-sectional, prospective, or registry study	Association, diagnosis, prognosis, or treatment use	Primary observational evidence	Completed identifier audit.	PubMed ESummary	PubMed articleids	https://doi.org/10.1164/rccm.202307-1122OC	PubMed indexed; PMCID present	PubMed ESummary DOI-PMID-title pairing	2026-08-07
20	Hawkins NM, Nordon C, Rhodes K, Talukdar M, McMullen S, Ekwaru P, et al. Heightened long-term cardiovascular risks after exacerbation of chronic obstructive pulmonary disease. Heart. 2024;110(10):702-709.	Heightened long-term cardiovascular risks after exacerbation of chronic obstructive pulmonary disease	Hawkins NM; Nordon C; Rhodes K; Talukdar M; McMullen S; Ekwaru P; Pham T; Randhawa AK; Sin DD	Heart	2024	110	10	702-709	Journal Article; Research Support, Non-U.S. Gov't	10.1136/heartjnl-2023-323487	https://doi.org/10.1136/heartjnl-2023-323487	38182279	https://pubmed.ncbi.nlm.nih.gov/38182279/	PMC11103306	https://pmc.ncbi.nlm.nih.gov/articles/PMC11103306/	Observational study	Self-controlled, cohort, cross-sectional, prospective, or registry study	Association, diagnosis, prognosis, or treatment use	Primary observational evidence	Completed DOI and PMID.	PubMed ESummary	PubMed articleids	https://doi.org/10.1136/heartjnl-2023-323487	PubMed indexed; PMCID present	PubMed ESummary DOI-PMID-title pairing	2026-08-07
21	Vogelmeier CF, Rhodes K, Garbe E, Abram M, Halbach M, Müllerová H, et al. Elucidating the risk of cardiopulmonary consequences of an exacerbation of COPD: results of the EXACOS-CV study in Germany. BMJ Open Respir Res. 2024;11(1):e002153.	Elucidating the risk of cardiopulmonary consequences of an exacerbation of COPD: results of the EXACOS-CV study in Germany	Vogelmeier CF; Rhodes K; Garbe E; Abram M; Halbach M; Müllerová H; Kossack N; Timpel P; Kolb N; Nordon C	BMJ Open Respir Res	2024	11	1		Journal Article	10.1136/bmjresp-2023-002153	https://doi.org/10.1136/bmjresp-2023-002153	38555102	https://pubmed.ncbi.nlm.nih.gov/38555102/	PMC10982767	https://pmc.ncbi.nlm.nih.gov/articles/PMC10982767/	Observational study	Self-controlled, cohort, cross-sectional, prospective, or registry study	Association, diagnosis, prognosis, or treatment use	Primary observational evidence	Completed author list and identifiers.	PubMed ESummary	PubMed articleids	https://doi.org/10.1136/bmjresp-2023-002153	PubMed indexed; PMCID present	PubMed ESummary DOI-PMID-title pairing	2026-08-07
22	Morgan C, Challen R, Begier E, Southern J, Nava G, Qian G, et al. Acute coronary syndrome after an infective exacerbation of COPD: a prospective cohort study of acute lower respiratory tract disease in hospitalised adults. ERJ Open Res. 2025;11(6):00403-2025.	Acute coronary syndrome after an infective exacerbation of COPD: a prospective cohort study of acute lower respiratory tract disease in hospitalised adults	Morgan C; Challen R; Begier E; Southern J; Nava G; Qian G; McGuinness S; King J; Maskell N; Lahuerta M; Oliver J; Gessner BD; Finn A; Danon L; Hyams C; Dodd JW	ERJ Open Res	2025	11	6		Journal Article	10.1183/23120541.00403-2025	https://doi.org/10.1183/23120541.00403-2025	41403421	https://pubmed.ncbi.nlm.nih.gov/41403421/	PMC12704152	https://pmc.ncbi.nlm.nih.gov/articles/PMC12704152/	Observational study	Self-controlled, cohort, cross-sectional, prospective, or registry study	Association, diagnosis, prognosis, or treatment use	Primary observational evidence	Corrects author list and article number.	PubMed ESummary	PubMed articleids	https://doi.org/10.1183/23120541.00403-2025	PubMed indexed; PMCID present	PubMed ESummary DOI-PMID-title pairing	2026-08-07
23	Thygesen K, Alpert JS, Jaffe AS, Chaitman BR, Bax JJ, Morrow DA, et al. Fourth Universal Definition of Myocardial Infarction (2018). J Am Coll Cardiol. 2018;72(18):2231-2264.	Fourth Universal Definition of Myocardial Infarction (2018)	Thygesen K; Alpert JS; Jaffe AS; Chaitman BR; Bax JJ; Morrow DA; White HD	J Am Coll Cardiol	2018	72	18	2231-2264	Journal Article; Review	10.1016/j.jacc.2018.08.1038	https://doi.org/10.1016/j.jacc.2018.08.1038	30153967	https://pubmed.ncbi.nlm.nih.gov/30153967/			Guideline or report	Evidence-based guideline, consensus, or report	Clinical definition or guidance	Authoritative secondary evidence	Retained for diagnostic definitions.	PubMed ESummary	PubMed articleids	https://doi.org/10.1016/j.jacc.2018.08.1038	PubMed indexed; no PMCID assigned	PubMed ESummary DOI-PMID-title pairing	2026-08-07
24	Bularga A, Hung J, Daghem M, Stewart S, Taggart C, Wereski R, et al. Coronary artery and cardiac disease in patients with type 2 myocardial infarction: a prospective cohort study. Circulation. 2022;145(16):1188-1200.	Coronary Artery and Cardiac Disease in Patients With Type 2 Myocardial Infarction: A Prospective Cohort Study	Bularga A; Hung J; Daghem M; Stewart S; Taggart C; Wereski R; Singh T; Meah MN; Fujisawa T; Ferry AV; Chiong J; Jenkins WS; Strachan FE; Semple S; van Beek EJR; Williams M; Dey D; Tuck C; Baker AH; Newby DE; Dweck MR; Mills NL; Chapman AR	Circulation	2022	145	16	1188-1200	Journal Article; Research Support, Non-U.S. Gov't	10.1161/CIRCULATIONAHA.121.058542	https://doi.org/10.1161/CIRCULATIONAHA.121.058542	35341327	https://pubmed.ncbi.nlm.nih.gov/35341327/	PMC9010024	https://pmc.ncbi.nlm.nih.gov/articles/PMC9010024/	Observational study	Self-controlled, cohort, cross-sectional, prospective, or registry study	Association, diagnosis, prognosis, or treatment use	Primary observational evidence	Corrects year and complete citation.	PubMed ESummary	PubMed articleids	https://doi.org/10.1161/CIRCULATIONAHA.121.058542	PubMed indexed; PMCID present	PubMed ESummary DOI-PMID-title pairing	2026-08-07
25	Brekke PH, Omland T, Holmedal SH, Smith P, Søyseth V. Determinants of cardiac troponin T elevation in COPD exacerbation: a cross-sectional study. BMC Pulm Med. 2009;9:35.	Determinants of cardiac troponin T elevation in COPD exacerbation - a cross-sectional study	Brekke PH; Omland T; Holmedal SH; Smith P; Søyseth V	BMC Pulm Med	2009	9		35	Journal Article	10.1186/1471-2466-9-35	https://doi.org/10.1186/1471-2466-9-35	19615100	https://pubmed.ncbi.nlm.nih.gov/19615100/	PMC2718858	https://pmc.ncbi.nlm.nih.gov/articles/PMC2718858/	Observational study	Self-controlled, cohort, cross-sectional, prospective, or registry study	Association, diagnosis, prognosis, or treatment use	Primary observational evidence	Primary replacement for Cureus review.	PubMed ESummary	PubMed articleids	https://doi.org/10.1186/1471-2466-9-35	PubMed indexed; PMCID present	PubMed ESummary DOI-PMID-title pairing	2026-08-07
26	McAllister DA, Maclay JD, Mills NL, Leitch A, Reid P, Carruthers R, et al. Diagnosis of myocardial infarction following hospitalisation for exacerbation of COPD. Eur Respir J. 2012;39(5):1097-1103.	Diagnosis of myocardial infarction following hospitalisation for exacerbation of COPD	McAllister DA; Maclay JD; Mills NL; Leitch A; Reid P; Carruthers R; O'Connor J; McAlpine L; Chalmers G; Newby DE; Clark E; Macfarlane PW; Macnee W	Eur Respir J	2012	39	5	1097-103	Journal Article; Research Support, Non-U.S. Gov't	10.1183/09031936.00124811	https://doi.org/10.1183/09031936.00124811	22323574	https://pubmed.ncbi.nlm.nih.gov/22323574/			Observational study	Self-controlled, cohort, cross-sectional, prospective, or registry study	Association, diagnosis, prognosis, or treatment use	Primary observational evidence	Primary replacement for troponin adjudication.	PubMed ESummary	PubMed articleids	https://doi.org/10.1183/09031936.00124811	PubMed indexed; no PMCID assigned	PubMed ESummary DOI-PMID-title pairing	2026-08-07
27	Høiseth AD, Neukamm A, Karlsson BD, Omland T, Brekke PH, Søyseth V. Elevated high-sensitivity cardiac troponin T is associated with increased mortality after acute exacerbation of chronic obstructive pulmonary disease. Thorax. 2011;66(9):775-781.	Elevated high-sensitivity cardiac troponin T is associated with increased mortality after acute exacerbation of chronic obstructive pulmonary disease	Høiseth AD; Neukamm A; Karlsson BD; Omland T; Brekke PH; Søyseth V	Thorax	2011	66	9	775-81	Comparative Study; Journal Article; Research Support, Non-U.S. Gov't	10.1136/thx.2010.153122	https://doi.org/10.1136/thx.2010.153122	21653926	https://pubmed.ncbi.nlm.nih.gov/21653926/			Observational study	Self-controlled, cohort, cross-sectional, prospective, or registry study	Association, diagnosis, prognosis, or treatment use	Primary observational evidence	Primary replacement for troponin prognosis.	PubMed ESummary	PubMed articleids	https://doi.org/10.1136/thx.2010.153122	PubMed indexed; no PMCID assigned	PubMed ESummary DOI-PMID-title pairing	2026-08-07
28	Pizarro C, Herweg-Steffens N, Buchenroth M, Schulte W, Schaefer C, Hammerstingl C, et al. Invasive coronary angiography in patients with acute exacerbated COPD and elevated plasma troponin. Int J Chron Obstruct Pulmon Dis. 2016;11:2081-2089.	Invasive coronary angiography in patients with acute exacerbated COPD and elevated plasma troponin	Pizarro C; Herweg-Steffens N; Buchenroth M; Schulte W; Schaefer C; Hammerstingl C; Werner N; Nickenig G; Skowasch D	Int J Chron Obstruct Pulmon Dis	2016	11		2081-2089	Journal Article; Multicenter Study	10.2147/COPD.S110746	https://doi.org/10.2147/COPD.S110746	27695304	https://pubmed.ncbi.nlm.nih.gov/27695304/	PMC5033611	https://pmc.ncbi.nlm.nih.gov/articles/PMC5033611/	Observational study	Self-controlled, cohort, cross-sectional, prospective, or registry study	Association, diagnosis, prognosis, or treatment use	Primary observational evidence	Primary prospective angiography source replacing a residual secondary-source claim.	PubMed ESummary	PubMed articleids	https://doi.org/10.2147/COPD.S110746	PubMed indexed; PMCID present	PubMed ESummary DOI-PMID-title pairing	2026-08-07
29	Gulati M, Levy PD, Mukherjee D, Amsterdam E, Bhatt DL, Birtcher KK, et al. 2021 AHA/ACC/ASE/CHEST/SAEM/SCCT/SCMR guideline for the evaluation and diagnosis of chest pain: a report of the American College of Cardiology/American Heart Association Joint Committee on Clinical Practice Guidelines. Circulation. 2021;144(22):e368-e454.	2021 AHA/ACC/ASE/CHEST/SAEM/SCCT/SCMR Guideline for the Evaluation and Diagnosis of Chest Pain: A Report of the American College of Cardiology/American Heart Association Joint Committee on Clinical Practice Guidelines	Gulati M; Levy PD; Mukherjee D; Amsterdam E; Bhatt DL; Birtcher KK; Blankstein R; Boyd J; Bullock-Palmer RP; Conejo T; Diercks DB; Gentile F; Greenwood JP; Hess EP; Hollenberg SM; Jaber WA; Jneid H; Joglar JA; Morrow DA; O'Connor RE; Ross MA; Shaw LJ	Circulation	2021	144	22	e368-e454	Evaluation Study; Journal Article; Practice Guideline; Review	10.1161/CIR.0000000000001029	https://doi.org/10.1161/CIR.0000000000001029	34709879	https://pubmed.ncbi.nlm.nih.gov/34709879/			Guideline or report	Evidence-based guideline, consensus, or report	Clinical definition or guidance	Authoritative secondary evidence	Guideline replacement for unverifiable ECG source.	PubMed ESummary	PubMed articleids	https://doi.org/10.1161/CIR.0000000000001029	PubMed indexed; no PMCID assigned	PubMed ESummary DOI-PMID-title pairing	2026-08-07
30	Singh D, Martinez FJ, Hurst JR, Han MK, Gale CP, Fredriksson M, et al. Effect of triple therapy on cardiovascular and severe cardiopulmonary events in chronic obstructive pulmonary disease: a post hoc analysis of a randomized, double-blind, phase 3 clinical trial (ETHOS). Am J Respir Crit Care Med. 2025;211(2):205-214.	Effect of Triple Therapy on Cardiovascular and Severe Cardiopulmonary Events in Chronic Obstructive Pulmonary Disease: A Post Hoc Analysis of a Randomized, Double-Blind, Phase 3 Clinical Trial (ETHOS)	Singh D; Martinez FJ; Hurst JR; Han MK; Gale CP; Fredriksson M; Kisielewicz D; Mushunje A; Movitz C; Ojili N; Parikh H; Arya N; Bowen K; Patel M	Am J Respir Crit Care Med	2025	211	2	205-214	Journal Article; Clinical Trial, Phase III; Randomized Controlled Trial; Multicenter Study; Research Support, Non-U.S. Gov't	10.1164/rccm.202312-2311OC	https://doi.org/10.1164/rccm.202312-2311OC	39213002	https://pubmed.ncbi.nlm.nih.gov/39213002/			Post hoc trial analysis	Post hoc analysis of a randomised trial	Cardiopulmonary endpoint exploration	Exploratory secondary analysis	Retained with post hoc qualification deferred to C4.	PubMed ESummary	PubMed articleids	https://doi.org/10.1164/rccm.202312-2311OC	PubMed indexed; no PMCID assigned	PubMed ESummary DOI-PMID-title pairing	2026-08-07
31	Singh D, Marshall J, Martinez FJ, Hurst JR, Han MK, Gale CP, et al. Cardiopulmonary risk benefits of budesonide/glycopyrrolate/formoterol fumarate triple therapy: a number needed to treat post hoc analysis of the ETHOS trial. Am J Respir Crit Care Med. 2025;211(Suppl 1):A1016.	Cardiopulmonary Risk Benefits of Budesonide/Glycopyrrolate/Formoterol Fumarate Triple Therapy: A Number Needed to Treat Post Hoc Analysis of the ETHOS Trial	Singh D.; Marshall J.; Martinez F.J.; Hurst J.R.; Han M.K.; Gale C.P.; Fredriksson M.; Kisielewicz D.; Mushunje A.; Movitz C.; Ojili N.; Parikh H.; Arya N.; Bowen K.; Patel M.	American Journal of Respiratory and Critical Care Medicine	2025	211	Supplement_1	A1016-A1016	journal-article	10.1164/ajrccm.2025.211.abstracts.a1016	https://doi.org/10.1164/ajrccm.2025.211.abstracts.a1016					Conference abstract	Post hoc conference abstract	Exploratory number-needed-to-treat estimate	Preliminary secondary evidence	Official DOI record; conference abstract retained and labelled post hoc.	Crossref	PubMed ESearch and Europe PMC	https://doi.org/10.1164/ajrccm.2025.211.abstracts.a1016	Not indexed in PubMed or PMC	Crossref DOI metadata and Europe PMC identifier lookup	2026-08-07
32	Yang M, Li Y, Jiang Y, Guo S, He JQ, Sin DD. Combination therapy with long-acting bronchodilators and the risk of major adverse cardiovascular events in patients with COPD: a systematic review and meta-analysis. Eur Respir J. 2023;61(2):2200302.	Combination therapy with long-acting bronchodilators and the risk of major adverse cardiovascular events in patients with COPD: a systematic review and meta-analysis	Yang M; Li Y; Jiang Y; Guo S; He JQ; Sin DD	Eur Respir J	2023	61	2		Meta-Analysis; Systematic Review; Journal Article	10.1183/13993003.00302-2022	https://doi.org/10.1183/13993003.00302-2022	36137586	https://pubmed.ncbi.nlm.nih.gov/36137586/			Systematic review and meta-analysis	Systematic review and meta-analysis	Treatment safety synthesis	Secondary evidence	Retained; interpretation deferred to C4.	PubMed ESummary	PubMed articleids	https://doi.org/10.1183/13993003.00302-2022	PubMed indexed; no PMCID assigned	PubMed ESummary DOI-PMID-title pairing	2026-08-07
33	Dransfield MT, Voelker H, Bhatt SP, Brenner K, Casaburi R, Come CE, et al; BLOCK COPD Trial Group. Metoprolol for the prevention of acute exacerbations of COPD. N Engl J Med. 2019;381(24):2304-2314.	Metoprolol for the Prevention of Acute Exacerbations of COPD	Dransfield MT; Voelker H; Bhatt SP; Brenner K; Casaburi R; Come CE; Cooper JAD; Criner GJ; Curtis JL; Han MK; Hatipoğlu U; Helgeson ES; Jain VV; Kalhan R; Kaminsky D; Kaner R; Kunisaki KM; Lambert AA; Lammi MR; Lindberg S; Make BJ; Martinez FJ; McEvoy C; Panos RJ; Reed RM; Scanlon PD; Sciurba FC; Smith A; Sriram PS; Stringer WW; Weingarten JA; Wells JM; Westfall E; Lazarus SC; Connett JE	N Engl J Med	2019	381	24	2304-2314	Journal Article; Multicenter Study; Randomized Controlled Trial; Research Support, U.S. Gov't, Non-P.H.S.	10.1056/NEJMoa1908142	https://doi.org/10.1056/NEJMoa1908142	31633896	https://pubmed.ncbi.nlm.nih.gov/31633896/	PMC7416529	https://pmc.ncbi.nlm.nih.gov/articles/PMC7416529/	Randomised trial	Randomised controlled trial	Intervention effect	Primary experimental evidence	Retained.	PubMed ESummary	PubMed articleids	https://doi.org/10.1056/NEJMoa1908142	PubMed indexed; PMCID present	PubMed ESummary DOI-PMID-title pairing	2026-08-07
34	LaFon DC, Helgeson ES, Lindberg S, Voelker H, Bhatt SP, Casaburi R, et al. β-Blocker use and clinical outcomes in patients with COPD following acute myocardial infarction. JAMA Netw Open. 2024;7(5):e247535.	β-Blocker Use and Clinical Outcomes in Patients With COPD Following Acute Myocardial Infarction	LaFon DC; Helgeson ES; Lindberg S; Voelker H; Bhatt SP; Casaburi R; Cassady SJ; Connett J; Criner GJ; Hatipoglu U; Kaminsky DA; Kunisaki KM; Lazarus SC; McEvoy CE; Reed RM; Sciurba FC; Stringer W; Dransfield MT	JAMA Netw Open	2024	7	5	e247535	Journal Article; Research Support, Non-U.S. Gov't	10.1001/jamanetworkopen.2024.7535	https://doi.org/10.1001/jamanetworkopen.2024.7535	38771577	https://pubmed.ncbi.nlm.nih.gov/38771577/	PMC11109775	https://pmc.ncbi.nlm.nih.gov/articles/PMC11109775/	Observational study	Self-controlled, cohort, cross-sectional, prospective, or registry study	Association, diagnosis, prognosis, or treatment use	Primary observational evidence	Corrects article number.	PubMed ESummary	PubMed articleids	https://doi.org/10.1001/jamanetworkopen.2024.7535	PubMed indexed; PMCID present	PubMed ESummary DOI-PMID-title pairing	2026-08-07
35	Quint JK, Herrett E, Bhaskaran K, Timmis A, Hemingway H, Wedzicha JA, Smeeth L. Effect of β blockers on mortality after myocardial infarction in adults with COPD: population based cohort study of UK electronic healthcare records. BMJ. 2013;347:f6650.	Effect of β blockers on mortality after myocardial infarction in adults with COPD: population based cohort study of UK electronic healthcare records	Quint JK; Herrett E; Bhaskaran K; Timmis A; Hemingway H; Wedzicha JA; Smeeth L	BMJ	2013	347		f6650	Journal Article; Observational Study; Research Support, Non-U.S. Gov't; Video-Audio Media	10.1136/bmj.f6650	https://doi.org/10.1136/bmj.f6650	24270505	https://pubmed.ncbi.nlm.nih.gov/24270505/	PMC3898388	https://pmc.ncbi.nlm.nih.gov/articles/PMC3898388/	Observational study	Self-controlled, cohort, cross-sectional, prospective, or registry study	Association, diagnosis, prognosis, or treatment use	Primary observational evidence	Completed author list and identifiers.	PubMed ESummary	PubMed articleids	https://doi.org/10.1136/bmj.f6650	PubMed indexed; PMCID present	PubMed ESummary DOI-PMID-title pairing	2026-08-07
36	Chung CM, Lin MS, Chang ST, Wang PC, Yang TY, Lin YS. Cardioselective versus nonselective β-blockers after myocardial infarction in adults with chronic obstructive pulmonary disease. Mayo Clin Proc. 2022;97(3):531-546.	Cardioselective Versus Nonselective β-Blockers After Myocardial Infarction in Adults With Chronic Obstructive Pulmonary Disease	Chung CM; Lin MS; Chang ST; Wang PC; Yang TY; Lin YS	Mayo Clin Proc	2022	97	3	531-546	Journal Article; Research Support, Non-U.S. Gov't	10.1016/j.mayocp.2021.07.020	https://doi.org/10.1016/j.mayocp.2021.07.020	35135688	https://pubmed.ncbi.nlm.nih.gov/35135688/			Observational study	Self-controlled, cohort, cross-sectional, prospective, or registry study	Association, diagnosis, prognosis, or treatment use	Primary observational evidence	Corrects publication year and full citation.	PubMed ESummary	PubMed articleids	https://doi.org/10.1016/j.mayocp.2021.07.020	PubMed indexed; no PMCID assigned	PubMed ESummary DOI-PMID-title pairing	2026-08-07
37	Polman R, Hurst JR, Uysal OF, Mandal S, Linz D, Simons S. Cardiovascular disease and risk in COPD: a state of the art review. Expert Rev Cardiovasc Ther. 2024;22(4-5):177-191.	Cardiovascular disease and risk in COPD: a state of the art review	Polman R; Hurst JR; Uysal OF; Mandal S; Linz D; Simons S	Expert Rev Cardiovasc Ther	2024	22	4-5	177-191	Journal Article; Review	10.1080/14779072.2024.2333786	https://doi.org/10.1080/14779072.2024.2333786	38529639	https://pubmed.ncbi.nlm.nih.gov/38529639/			Review or commentary	Narrative review, educational review, or commentary	Background, mechanism, or clinical framing	Secondary evidence	Completed citation.	PubMed ESummary	PubMed articleids	https://doi.org/10.1080/14779072.2024.2333786	PubMed indexed; no PMCID assigned	PubMed ESummary DOI-PMID-title pairing	2026-08-07
38	Singh D, Han MK, Hawkins NM, Hurst JR, Kocks JWH, Skolnik N, et al. Implications of cardiopulmonary risk for the management of COPD: a narrative review. Adv Ther. 2024;41(6):2151-2167.	Implications of Cardiopulmonary Risk for the Management of COPD: A Narrative Review	Singh D; Han MK; Hawkins NM; Hurst JR; Kocks JWH; Skolnik N; Stolz D; El Khoury J; Gale CP	Adv Ther	2024	41	6	2151-2167	Journal Article; Review; Research Support, Non-U.S. Gov't	10.1007/s12325-024-02855-4	https://doi.org/10.1007/s12325-024-02855-4	38664329	https://pubmed.ncbi.nlm.nih.gov/38664329/	PMC11133105	https://pmc.ncbi.nlm.nih.gov/articles/PMC11133105/	Review or commentary	Narrative review, educational review, or commentary	Background, mechanism, or clinical framing	Secondary evidence	Retained.	PubMed ESummary	PubMed articleids	https://doi.org/10.1007/s12325-024-02855-4	PubMed indexed; PMCID present	PubMed ESummary DOI-PMID-title pairing	2026-08-07
39	Rao SV, O'Donoghue ML, Ruel M, Rab T, Tamis-Holland JE, Alexander JH, et al. 2025 ACC/AHA/ACEP/NAEMSP/SCAI guideline for the management of patients with acute coronary syndromes: a report of the American College of Cardiology/American Heart Association Joint Committee on Clinical Practice Guidelines. Circulation. 2025;151(13):e771-e862.	2025 ACC/AHA/ACEP/NAEMSP/SCAI Guideline for the Management of Patients With Acute Coronary Syndromes: A Report of the American College of Cardiology/American Heart Association Joint Committee on Clinical Practice Guidelines	Rao SV; O'Donoghue ML; Ruel M; Rab T; Tamis-Holland JE; Alexander JH; Baber U; Baker H; Cohen MG; Cruz-Ruiz M; Davis LL; de Lemos JA; DeWald TA; Elgendy IY; Feldman DN; Goyal A; Isiadinso I; Menon V; Morrow DA; Mukherjee D; Platz E; Promes SB; Sandner S; Sandoval Y; Schunder R; Shah B; Stopyra JP; Talbot AW; Taub PR; Williams MS	Circulation	2025	151	13	e771-e862	Journal Article; Practice Guideline; Review	10.1161/CIR.0000000000001309	https://doi.org/10.1161/CIR.0000000000001309	40014670	https://pubmed.ncbi.nlm.nih.gov/40014670/			Guideline or report	Evidence-based guideline, consensus, or report	Clinical definition or guidance	Authoritative secondary evidence	Completes journal, volume, pages, and identifiers.	PubMed ESummary	PubMed articleids	https://doi.org/10.1161/CIR.0000000000001309	PubMed indexed; no PMCID assigned	PubMed ESummary DOI-PMID-title pairing	2026-08-07
40	Hofmann R, James SK, Jernberg T, Lindahl B, Erlinge D, Witt N, et al; DETO2X-SWEDEHEART Investigators. Oxygen therapy in suspected acute myocardial infarction. N Engl J Med. 2017;377(13):1240-1249.	Oxygen Therapy in Suspected Acute Myocardial Infarction	Hofmann R; James SK; Jernberg T; Lindahl B; Erlinge D; Witt N; Arefalk G; Frick M; Alfredsson J; Nilsson L; Ravn-Fischer A; Omerovic E; Kellerth T; Sparv D; Ekelund U; Linder R; Ekström M; Lauermann J; Haaga U; Pernow J; Östlund O; Herlitz J; Svensson L	N Engl J Med	2017	377	13	1240-1249	Journal Article; Multicenter Study; Randomized Controlled Trial; Research Support, Non-U.S. Gov't	10.1056/NEJMoa1706222	https://doi.org/10.1056/NEJMoa1706222	28844200	https://pubmed.ncbi.nlm.nih.gov/28844200/			Randomised trial	Randomised controlled trial	Intervention effect	Primary experimental evidence	Primary replacement for Australian 2011 guidance.	PubMed ESummary	PubMed articleids	https://doi.org/10.1056/NEJMoa1706222	PubMed indexed; no PMCID assigned	PubMed ESummary DOI-PMID-title pairing	2026-08-07
41	Andell P, James S, Östlund O, Yndigegn T, Sparv D, Pernow J, et al. Oxygen therapy in suspected acute myocardial infarction and concurrent normoxemic chronic obstructive pulmonary disease: a prespecified subgroup analysis from the DETO2X-AMI trial. Eur Heart J Acute Cardiovasc Care. 2020;9(8):984-992.	Oxygen therapy in suspected acute myocardial infarction and concurrent normoxemic chronic obstructive pulmonary disease: a prespecified subgroup analysis from the DETO2X-AMI trial	Andell P; James S; Östlund O; Yndigegn T; Sparv D; Pernow J; Jernberg T; Lindahl B; Herlitz J; Erlinge D; Hofmann R	Eur Heart J Acute Cardiovasc Care	2020	9	8	984-992	Journal Article; Multicenter Study; Randomized Controlled Trial	10.1177/2048872619848978	https://doi.org/10.1177/2048872619848978	31081342	https://pubmed.ncbi.nlm.nih.gov/31081342/			Prespecified trial subgroup	Prespecified subgroup of a randomised trial	COPD-specific oxygen effect	Primary experimental evidence, imprecise subgroup	COPD-specific oxygen evidence.	PubMed ESummary	PubMed articleids	https://doi.org/10.1177/2048872619848978	PubMed indexed; no PMCID assigned	PubMed ESummary DOI-PMID-title pairing	2026-08-07
42	Byrne RA, Rossello X, Coughlan JJ, Barbato E, Berry C, Chieffo A, et al; ESC Scientific Document Group. 2023 ESC Guidelines for the management of acute coronary syndromes. Eur Heart J. 2023;44(38):3720-3826.	2023 ESC Guidelines for the management of acute coronary syndromes	Byrne RA; Rossello X; Coughlan JJ; Barbato E; Berry C; Chieffo A; Claeys MJ; Dan GA; Dweck MR; Galbraith M; Gilard M; Hinterbuchner L; Jankowska EA; Jüni P; Kimura T; Kunadian V; Leosdottir M; Lorusso R; Pedretti RFE; Rigopoulos AG; Rubini Gimenez M; Thiele H; Vranckx P; Wassmann S; Wenger NK; Ibanez B	Eur Heart J	2023	44	38	3720-3826	Journal Article	10.1093/eurheartj/ehad191	https://doi.org/10.1093/eurheartj/ehad191	37622654	https://pubmed.ncbi.nlm.nih.gov/37622654/			Guideline or report	Evidence-based guideline, consensus, or report	Clinical definition or guidance	Authoritative secondary evidence	Contemporary ESC replacement for Australian 2011 guidance.	PubMed ESummary	PubMed articleids	https://doi.org/10.1093/eurheartj/ehad191	PubMed indexed; no PMCID assigned	PubMed ESummary DOI-PMID-title pairing	2026-08-07
43	Andell P, Koul S, Martinsson A, Sundström J, Jernberg T, Smith JG, et al. Impact of chronic obstructive pulmonary disease on morbidity and mortality after myocardial infarction. Open Heart. 2014;1(1):e000002.	Impact of chronic obstructive pulmonary disease on morbidity and mortality after myocardial infarction	Andell P; Koul S; Martinsson A; Sundström J; Jernberg T; Smith JG; James S; Lindahl B; Erlinge D	Open Heart	2014	1	1	e000002	Journal Article; Research Support, Non-U.S. Gov't	10.1136/openhrt-2013-000002	https://doi.org/10.1136/openhrt-2013-000002	25332773	https://pubmed.ncbi.nlm.nih.gov/25332773/	PMC4189340	https://pmc.ncbi.nlm.nih.gov/articles/PMC4189340/	Observational study	Self-controlled, cohort, cross-sectional, prospective, or registry study	Association, diagnosis, prognosis, or treatment use	Primary observational evidence	Peer-reviewed replacement for Andell thesis.	PubMed ESummary	PubMed articleids	https://doi.org/10.1136/openhrt-2013-000002	PubMed indexed; PMCID present	PubMed ESummary DOI-PMID-title pairing	2026-08-07
44	Leong P, Bardin PG. The untreated treatable trait: cardiovascular disease in COPD exacerbations. Respirology. 2021;26(5):413-415.	The untreated treatable trait: Cardiovascular disease in COPD exacerbations	Leong P; Bardin PG	Respirology	2021	26	5	413-415	Journal Article	10.1111/resp.14036	https://doi.org/10.1111/resp.14036	33751741	https://pubmed.ncbi.nlm.nih.gov/33751741/			Review or commentary	Narrative review, educational review, or commentary	Background, mechanism, or clinical framing	Secondary evidence	Retained as commentary for framing only.	PubMed ESummary	PubMed articleids	https://doi.org/10.1111/resp.14036	PubMed indexed; no PMCID assigned	PubMed ESummary DOI-PMID-title pairing	2026-08-07
